{
    "S1": {
        "hasSimulationModel": {
            "type": "LinearAffineModel",
            "params": {
                "a": 1,
                "b": 0,
                "ua": 0.01,
                "ub": 0.01,
                "uab": 0.0
            }
        },
        "hasCalibrationModel": {
            "type": "LinearAffineModel",
            "params": {
                "a": 1.0073417790994632,
                "b": 0.0022580131094813165,
                "ua": 0.011270085774190095,
                "ub": 0.014463879039606433,
                "uab": 0.0
            }
        },
        "hasCompensationModel": {
            "type": "LinearAffineModel",
            "params": {
                "a": 0.9927117297705784,
                "b": -0.00224155609975784,
                "ua": 0.011106405567294909,
                "ub": 0.014358484281487558,
                "uab": -2.785309854477367e-07
            }
        },
        "misc": {}
    },
    "S2": {
        "hasSimulationModel": {
            "type": "LinearAffineModel",
            "params": {
                "a": 1,
                "b": 0,
                "ua": 0.01,
                "ub": 0.01,
                "uab": 0.0
            }
        },
        "hasCalibrationModel": {
            "type": "LinearAffineModel",
            "params": {
                "a": 0.9915140132318241,
                "b": 0.00028782354018005025,
                "ua": 0.00928285919714576,
                "ub": 0.011036318548453035,
                "uab": 0.0
            }
        },
        "hasCompensationModel": {
            "type": "LinearAffineModel",
            "params": {
                "a": 1.008558615062349,
                "b": -0.0002902869110663338,
                "ua": 0.009442436002670123,
                "ub": 0.011130774482406276,
                "uab": -2.566223104083135e-08
            }
        },
        "misc": {}
    }
}