{
    "sensor_0": {
        "hasSimulationModel": {
            "type": "LinearAffineModel",
            "params": {
                "a": 1,
                "b": 0,
                "ua": 0.0,
                "ub": 0.0,
                "uab": 0.0
            }
        },
        "hasCalibrationModel": {
            "type": "LinearAffineModel",
            "params": {
                "a": 1.3198411182123717,
                "b": -0.6720431292471762,
                "ua": 0.25940011564467685,
                "ub": 0.15409358047008534,
                "uab": 0.0
            }
        },
        "hasCompensationModel": {
            "type": "LinearAffineModel",
            "params": {
                "a": 0.7576669541515928,
                "b": 0.5091848707952132,
                "ua": 0.1489110263463157,
                "ub": 0.1537721408860414,
                "uab": 0.01490221618099153
            }
        },
        "misc": {
            "outlier_rate": 0.0,
            "dropout_rate": 0.0
        }
    },
    "sensor_1": {
        "hasSimulationModel": {
            "type": "LinearAffineModel",
            "params": {
                "a": 1,
                "b": 0,
                "ua": 0.0,
                "ub": 0.0,
                "uab": 0.0
            }
        },
        "hasCalibrationModel": {
            "type": "LinearAffineModel",
            "params": {
                "a": 0.7543746330900898,
                "b": 1.0780445228800823,
                "ua": 0.34635937089452035,
                "ub": 0.2937118517355404,
                "uab": 0.0
            }
        },
        "hasCompensationModel": {
            "type": "LinearAffineModel",
            "params": {
                "a": 1.3256013075410198,
                "b": -1.4290572291172718,
                "ua": 0.6086292072894104,
                "ub": 0.7629516055906238,
                "uab": -0.3993395064878038
            }
        },
        "misc": {
            "outlier_rate": 0.0,
            "dropout_rate": 0.0
        }
    },
    "sensor_2": {
        "hasSimulationModel": {
            "type": "LinearAffineModel",
            "params": {
                "a": 1,
                "b": 0,
                "ua": 0.0,
                "ub": 0.0,
                "uab": 0.0
            }
        },
        "hasCalibrationModel": {
            "type": "LinearAffineModel",
            "params": {
                "a": 0.5394556398813388,
                "b": 0.4638404728925098,
                "ua": 0.284364138931921,
                "ub": 0.18230129200542147,
                "uab": 0.0
            }
        },
        "hasCompensationModel": {
            "type": "LinearAffineModel",
            "params": {
                "a": 1.8537205398760215,
                "b": -0.8598306118266523,
                "ua": 0.9771547578188464,
                "ub": 0.5653587875582946,
                "uab": -0.4428894577231064
            }
        },
        "misc": {
            "outlier_rate": 0.0,
            "dropout_rate": 0.0
        }
    },
    "sensor_3": {
        "hasSimulationModel": {
            "type": "LinearAffineModel",
            "params": {
                "a": 1,
                "b": 0,
                "ua": 0.0,
                "ub": 0.0,
                "uab": 0.0
            }
        },
        "hasCalibrationModel": {
            "type": "LinearAffineModel",
            "params": {
                "a": 0.6144409336929635,
                "b": 0.24923135338690514,
                "ua": 0.23228135149232973,
                "ub": 0.36582522830945413,
                "uab": 0.0
            }
        },
        "hasCompensationModel": {
            "type": "LinearAffineModel",
            "params": {
                "a": 1.6274957366360956,
                "b": -0.40562296507323226,
                "ua": 0.6152534581017063,
                "ub": 0.6148084638249437,
                "uab": -0.09434324338366552
            }
        },
        "misc": {
            "outlier_rate": 0.0,
            "dropout_rate": 0.0
        }
    }
}